{"EAR_THRESHOLD": 0.0, "GAZE_POSITIONS": {"CENTER": [0.4761142642961608, 0.5349196579721239], "LEFT": [0.44467461764157473, 0.5363125440838573], "RIGHT": [0.4930486589015185, 0.5394546258580554], "UP": [0.4905547064084273, 0.5124709869806583], "DOWN": [0.4815375644299719, 0.5517508192194833]}}