{"EAR_THRESHOLD": 0.2887406967058212, "GAZE_POSITIONS": {"CENTER": [0.4374580431315634, 0.5996239619122611], "LEFT": [0.418686829176214, 0.6033803893460168], "RIGHT": [0.461341007384989, 0.6013156119320128], "UP": [0.45912464094030986, 0.5840793586039281], "DOWN": [0.4518250594536463, 0.618448105123308]}}